{"name":"Garuda","type":"TTF","desc":{"CapHeight":716,"XHeight":518,"FontBBox":"[-659 -589 1090 1288]","Flags":4,"Ascent":1284,"Descent":-589,"Leading":0,"ItalicAngle":0,"StemV":87,"MissingWidth":766},"unitsPerEm":1000,"up":-32,"ut":10,"strp":258,"strs":49,"ttffile":"\/opt\/lampp\/htdocs\/mypdf\/vendor\/mpdf\/mpdf\/src\/Config\/..\/..\/ttfonts\/Garuda.ttf","TTCfontID":0,"originalsize":57324,"sip":false,"smp":false,"BMPselected":false,"fontkey":"garuda","panose":" 0 0 2 b 6 4 2 2 2 2 2 4","haskerninfo":false,"haskernGPOS":false,"hassmallcapsGSUB":false,"fontmetrics":"win","useOTL":255,"rtlPUAstr":"","GSUBScriptLang":{"thai":"DFLT KUY  PAL  THA  "},"GSUBFeatures":{"thai":{"DFLT":{"ccmp":[0,1]},"KUY ":{"ccmp":[0,1]},"PAL ":{"ccmp":[0,1]," RQD":[2]},"THA ":{"ccmp":[0,1]}}},"GSUBLookups":[{"Type":6,"Flag":0,"SubtableCount":2,"Subtables":[55544,55952],"MarkFilteringSet":""},{"Type":6,"Flag":0,"SubtableCount":1,"Subtables":[56140],"MarkFilteringSet":""},{"Type":5,"Flag":0,"SubtableCount":1,"Subtables":[56176],"MarkFilteringSet":""},{"Type":1,"Flag":0,"SubtableCount":1,"Subtables":[56204],"MarkFilteringSet":""},{"Type":2,"Flag":0,"SubtableCount":1,"Subtables":[56222],"MarkFilteringSet":""},{"Type":2,"Flag":0,"SubtableCount":1,"Subtables":[56242],"MarkFilteringSet":""},{"Type":1,"Flag":0,"SubtableCount":1,"Subtables":[56298],"MarkFilteringSet":""},{"Type":1,"Flag":0,"SubtableCount":1,"Subtables":[56310],"MarkFilteringSet":""},{"Type":1,"Flag":0,"SubtableCount":1,"Subtables":[56326],"MarkFilteringSet":""},{"Type":1,"Flag":0,"SubtableCount":1,"Subtables":[56344],"MarkFilteringSet":""},{"Type":1,"Flag":0,"SubtableCount":1,"Subtables":[56362],"MarkFilteringSet":""},{"Type":1,"Flag":0,"SubtableCount":1,"Subtables":[56380],"MarkFilteringSet":""},{"Type":1,"Flag":0,"SubtableCount":1,"Subtables":[56398],"MarkFilteringSet":""},{"Type":1,"Flag":0,"SubtableCount":1,"Subtables":[56416],"MarkFilteringSet":""},{"Type":1,"Flag":0,"SubtableCount":1,"Subtables":[56434],"MarkFilteringSet":""},{"Type":1,"Flag":0,"SubtableCount":1,"Subtables":[56452],"MarkFilteringSet":""},{"Type":1,"Flag":0,"SubtableCount":1,"Subtables":[56470],"MarkFilteringSet":""},{"Type":1,"Flag":0,"SubtableCount":1,"Subtables":[56488],"MarkFilteringSet":""},{"Type":1,"Flag":0,"SubtableCount":1,"Subtables":[56506],"MarkFilteringSet":""},{"Type":1,"Flag":0,"SubtableCount":1,"Subtables":[56524],"MarkFilteringSet":""},{"Type":1,"Flag":0,"SubtableCount":1,"Subtables":[56542],"MarkFilteringSet":""},{"Type":1,"Flag":0,"SubtableCount":1,"Subtables":[56560],"MarkFilteringSet":""},{"Type":1,"Flag":0,"SubtableCount":1,"Subtables":[56578],"MarkFilteringSet":""},{"Type":1,"Flag":0,"SubtableCount":1,"Subtables":[56596],"MarkFilteringSet":""},{"Type":1,"Flag":0,"SubtableCount":1,"Subtables":[56614],"MarkFilteringSet":""},{"Type":1,"Flag":0,"SubtableCount":1,"Subtables":[56632],"MarkFilteringSet":""},{"Type":1,"Flag":0,"SubtableCount":1,"Subtables":[56650],"MarkFilteringSet":""},{"Type":1,"Flag":0,"SubtableCount":1,"Subtables":[56668],"MarkFilteringSet":""}],"GPOSScriptLang":{"thai":"DFLT KUY  PAL  THA  "},"GPOSFeatures":{"thai":{"DFLT":{"mark":[0,1],"mkmk":[2]},"KUY ":{"mark":[0,1],"mkmk":[2]},"PAL ":{"mark":[0,1],"mkmk":[2]},"THA ":{"mark":[0,1],"mkmk":[2]}}},"GPOSLookups":[{"Type":4,"Flag":0,"SubtableCount":1,"Subtables":[56798],"MarkFilteringSet":""},{"Type":4,"Flag":0,"SubtableCount":1,"Subtables":[56878],"MarkFilteringSet":""},{"Type":6,"Flag":0,"SubtableCount":1,"Subtables":[57128],"MarkFilteringSet":""}],"kerninfo":[]}