{"name":"Garuda-Bold","type":"TTF","desc":{"CapHeight":700,"XHeight":521,"FontBBox":"[-750 -591 1099 1337]","Flags":262148,"Ascent":1284,"Descent":-591,"Leading":0,"ItalicAngle":0,"StemV":165,"MissingWidth":766},"unitsPerEm":1000,"up":-37,"ut":20,"strp":258,"strs":49,"ttffile":"\/opt\/lampp\/htdocs\/mypdf\/vendor\/mpdf\/mpdf\/src\/Config\/..\/..\/ttfonts\/Garuda-Bold.ttf","TTCfontID":0,"originalsize":57796,"sip":false,"smp":false,"BMPselected":false,"fontkey":"garudaB","panose":" 0 0 2 b 7 4 2 2 2 2 2 4","haskerninfo":false,"haskernGPOS":false,"hassmallcapsGSUB":false,"fontmetrics":"win","useOTL":255,"rtlPUAstr":"","GSUBScriptLang":{"thai":"DFLT KUY  PAL  THA  "},"GSUBFeatures":{"thai":{"DFLT":{"ccmp":[0,1]},"KUY ":{"ccmp":[0,1]},"PAL ":{"ccmp":[0,1]," RQD":[2]},"THA ":{"ccmp":[0,1]}}},"GSUBLookups":[{"Type":6,"Flag":0,"SubtableCount":2,"Subtables":[56016,56424],"MarkFilteringSet":""},{"Type":6,"Flag":0,"SubtableCount":1,"Subtables":[56612],"MarkFilteringSet":""},{"Type":5,"Flag":0,"SubtableCount":1,"Subtables":[56648],"MarkFilteringSet":""},{"Type":1,"Flag":0,"SubtableCount":1,"Subtables":[56676],"MarkFilteringSet":""},{"Type":2,"Flag":0,"SubtableCount":1,"Subtables":[56694],"MarkFilteringSet":""},{"Type":2,"Flag":0,"SubtableCount":1,"Subtables":[56714],"MarkFilteringSet":""},{"Type":1,"Flag":0,"SubtableCount":1,"Subtables":[56770],"MarkFilteringSet":""},{"Type":1,"Flag":0,"SubtableCount":1,"Subtables":[56782],"MarkFilteringSet":""},{"Type":1,"Flag":0,"SubtableCount":1,"Subtables":[56798],"MarkFilteringSet":""},{"Type":1,"Flag":0,"SubtableCount":1,"Subtables":[56816],"MarkFilteringSet":""},{"Type":1,"Flag":0,"SubtableCount":1,"Subtables":[56834],"MarkFilteringSet":""},{"Type":1,"Flag":0,"SubtableCount":1,"Subtables":[56852],"MarkFilteringSet":""},{"Type":1,"Flag":0,"SubtableCount":1,"Subtables":[56870],"MarkFilteringSet":""},{"Type":1,"Flag":0,"SubtableCount":1,"Subtables":[56888],"MarkFilteringSet":""},{"Type":1,"Flag":0,"SubtableCount":1,"Subtables":[56906],"MarkFilteringSet":""},{"Type":1,"Flag":0,"SubtableCount":1,"Subtables":[56924],"MarkFilteringSet":""},{"Type":1,"Flag":0,"SubtableCount":1,"Subtables":[56942],"MarkFilteringSet":""},{"Type":1,"Flag":0,"SubtableCount":1,"Subtables":[56960],"MarkFilteringSet":""},{"Type":1,"Flag":0,"SubtableCount":1,"Subtables":[56978],"MarkFilteringSet":""},{"Type":1,"Flag":0,"SubtableCount":1,"Subtables":[56996],"MarkFilteringSet":""},{"Type":1,"Flag":0,"SubtableCount":1,"Subtables":[57014],"MarkFilteringSet":""},{"Type":1,"Flag":0,"SubtableCount":1,"Subtables":[57032],"MarkFilteringSet":""},{"Type":1,"Flag":0,"SubtableCount":1,"Subtables":[57050],"MarkFilteringSet":""},{"Type":1,"Flag":0,"SubtableCount":1,"Subtables":[57068],"MarkFilteringSet":""},{"Type":1,"Flag":0,"SubtableCount":1,"Subtables":[57086],"MarkFilteringSet":""},{"Type":1,"Flag":0,"SubtableCount":1,"Subtables":[57104],"MarkFilteringSet":""},{"Type":1,"Flag":0,"SubtableCount":1,"Subtables":[57122],"MarkFilteringSet":""},{"Type":1,"Flag":0,"SubtableCount":1,"Subtables":[57140],"MarkFilteringSet":""}],"GPOSScriptLang":{"thai":"DFLT KUY  PAL  THA  "},"GPOSFeatures":{"thai":{"DFLT":{"mark":[0,1],"mkmk":[2]},"KUY ":{"mark":[0,1],"mkmk":[2]},"PAL ":{"mark":[0,1],"mkmk":[2]},"THA ":{"mark":[0,1],"mkmk":[2]}}},"GPOSLookups":[{"Type":4,"Flag":0,"SubtableCount":1,"Subtables":[57270],"MarkFilteringSet":""},{"Type":4,"Flag":0,"SubtableCount":1,"Subtables":[57350],"MarkFilteringSet":""},{"Type":6,"Flag":0,"SubtableCount":1,"Subtables":[57600],"MarkFilteringSet":""}],"kerninfo":[]}